id,name,type,cost,bp,sp,ability,description,faction,illustrator,imageUrl,color,rarity,cardNumber,colorBalance,colorCost,colorlessCost,effectType,pack,traits,effect,flavorText
BT1-1,アクアノーヴァの元飼い猫,ユニット,2,2000,1000,【登場時】ターン終了まで、自分のユニット1体をBP+1000。,自由になった飼い猫は主も探さずのんびりとしている。,アクアノーヴァ/アニマル,株式会社アイラボ,/card-images/1.png,blue,C,BT1-1,青1,1,1,BP＋,次元の訪問者,,,
BT1-2,式神・クラゲ,ユニット,2,2000,1000,,クラゲを模した形代で召喚した式神。大量に召喚し、数で圧倒することができる。,セイドウ/式神,モト,/card-images/2.png,blue,C,BT1-2,-,0,2,,次元の訪問者,,,
BT1-3,式神・ベタ,ユニット,2,2000,1000,,ベタを模した形代で召喚した式神。空中を高速で移動する。,セイドウ/式神,株式会社アイラボ,/card-images/3.png,blue,C,BT1-3,-,0,2,,次元の訪問者,,,
BT1-4,メタモル,ユニット,2,4000,-,,メタモルはどんな環境にも適応する、原始の力を秘めた不定形生命体。,アクアノーヴァ/メタモル,モト,/card-images/4.png,blue,C,BT1-4,青1,1,1,,次元の訪問者,,,
BT1-5,リーリー,ユニット,2,2000,2000,,プロローグ①:物語のはじまりは、とある儀式。,リーリー/CNP,モト,/card-images/5.png,blue,C,BT1-5,青1,1,1,,次元の訪問者,,,
BT1-6,ルナ,ユニット,2,3000,1000,,プロローグ②:CNPたちには、三種の神器を儀式場まで届けるという大切な任務が託された。,ルナ/CNP,モト,/card-images/6.png,blue,C,BT1-6,青1,1,1,,次元の訪問者,,,
BT1-7,カイスイメタモル,ユニット,3,2000,-,【登場時】≪1ドロー≫（デッキからカードを1枚引く）,海水を取り込んだメタモル。稀に知性を持った個体も誕生するらしく、それらは『ハイメタモル』と呼ばれている。,アクアノーヴァ/メタモル,モト,/card-images/7.png,blue,R,BT1-7,青2,2,1,デッキドロー,次元の訪問者,,,
BT1-8,食事する海賊,ユニット,3,4000,1000,,セイドウの圧政から逃れるためアクアノーヴァの人々が結束して誕生した組織が「海賊」である。,アクアノーヴァ/海賊,モト,/card-images/8.png,blue,C,BT1-8,青1,1,2,,次元の訪問者,,,
BT1-9,魚人の市民,ユニット,3,4000,1000,,セイドウの支配下では魚人たちは強制労働に就かされ苦しめられている。,アクアノーヴァ/魚人,竜弥,/card-images/9.png,blue,C,BT1-9,青1,1,2,,次元の訪問者,,,
BT1-10,式神・リュウグウノツカイ,ユニット,3,2000,1000,【登場時】コスト2以下の相手のユニット1体を退場させる。,リュウグウノツカイを模した形代で召喚した式神。市民たちが反乱を起こさないように監視している。,セイドウ/式神,株式会社アイラボ,/card-images/10.png,blue,R,BT1-10,青2,0,3,ユニット退場,次元の訪問者,,,
BT1-11,ミカヅキ,ユニット,3,2000,1000,【自分のターン】特徴に「セイドウ」を持つ自分のユニット全てをBP+2000。,テンシュの腹心。神器の力によって顕現させた「式神・テンゲイ」を用いてアクアノーヴァを支配した。,セイドウ/ミカヅキ,コメスケ,/card-images/11.png,blue,R,BT1-11,青1,1,2,BP＋,次元の訪問者,,,
BT1-12,レイキ結合体:海水,ユニット,3,6000,-,【登場時】自分のレイキ1枚をレイキデッキの下に戻す。,生まれるべきではなかった存在。,レイキ結合体,株式会社アイラボ,/card-images/12.png,blue,C,BT1-12,青1,1,2,レイキ操作,次元の訪問者,,,
BT1-13,遊泳するアクアペンギン,ユニット,4,5000,1000,,アクアノーヴァに住んでいる知性を持ったペンギン。 腕っぷしが強い。,アクアノーヴァ/アクアペンギン,だがあ,/card-images/13.png,blue,C,BT1-13,青1,1,3,,次元の訪問者,,,
BT1-14,ギャラクシー,ユニット,4,3000,1000,【退場時】≪1ドロー≫（デッキからカードを1枚引く）,星々の力を身に纏ったルナの姿。,ルナ/CNP,モト,/card-images/14.png,blue,RR,BT1-14,青2,2,2,デッキドロー,次元の訪問者,,,
BT1-15,リーリー,ユニット,4,4000,2000,【アタック時】コスト2以下の相手のユニット1体を退場させる。 【自分のターン】このユニットをBP+2000。,パンダのリーリーはCNPの人気者。おっとりしているが、いざとなると巨大化して仲間を守る頼もしさも持っている。,リーリー/CNP,コメスケ,/card-images/15.png,blue,RRR,BT1-15,青3,3,1,ユニット退場;BP＋,次元の訪問者,,,
BT1-16,アクアペンギンの長 ニヴェルト,ユニット,5,5000,1000,【アタック時】ターン終了まで、自分のユニット1体をBP+2000。,海賊の一員でもあるアクアペンギンの族長。 リーリーたちに協力を求め、海賊のアジトへと導く。,アクアノーヴァ/アクアペンギン/海賊,株式会社アイラボ,/card-images/16.png,blue,R,BT1-16,青1,1,4,BP＋,次元の訪問者,,,
BT1-17,海水,ユニット,6,7000,1000,,パンダのリーリーは、海の姿にも変化できる特別な力を持っている。,リーリー/CNP,モト,/card-images/17.png,blue,R,BT1-17,青3,3,3,,次元の訪問者,,,
BT1-18,式神・テンゲイ,ユニット,7,6000,-,【登場時】自分の手札が4枚以下なら、≪2ドロー≫（デッキからカードを2枚引く）。,アクアノーヴァに伝わる水神を具現化した式神。天候を操作する能力により洪水を引き起こし、アクアノーヴァ制圧に最も貢献した。,セイドウ/式神,コメスケ,/card-images/18.png,blue,RR,BT1-18,青2,0,7,デッキドロー,次元の訪問者,,,
BT1-19,ルナ,ユニット,7,7000,-,【登場時】ターン終了まで、青の自分のユニット全てをBP+3000。,ウサギのルナは、夜空を眺めて静かに過ごすのが好き。,ルナ/CNP,コメスケ,/card-images/19.png,blue,RRR,BT1-19,青5,5,2,BP＋,次元の訪問者,,,
BT1-20,シロクマ,ユニット,8,8000,-,【登場時】コスト5以下の相手のユニット1体を退場させる。,パンダのリーリーが変化。シロクマのような力強さと優雅さを併せ持つ姿に。,リーリー/CNP,コメスケ,/card-images/20.png,blue,RR,BT1-20,青4,4,4,ユニット退場,次元の訪問者,,,
BT1-21,不穏な影,イベント,1,,,【メイン】自分のレイキの枚数が相手のレイキの枚数以下なら、ターン終了まで、自分のユニット1体をBP+4000。,………。,,だがあ,/card-images/21.png,blue,C,BT1-21,青1,1,0,BP＋,次元の訪問者,,,
BT1-22,圧政,イベント,2,,,【メイン】コスト3以下の相手のユニット1体を退場させる。,今のアクアノーヴァでは、セイドウの発言が絶対であり、抵抗する者は決して許されない。,,モト,/card-images/22.png,blue,R,BT1-22,青2,2,0,ユニット退場,次元の訪問者,,,
BT1-23,奥義:リーリーの巨大化！,イベント,2,,,特徴に「リーリー」を持つ自分のユニットがいる間、自分の手札から、このカードを使用するとき、支払う無色コスト-1。 【メイン】ターン終了まで、自分のユニット1体をBP+5000。,見る見るうちに、見上げるほどに巨大化したリーリー。,,だがあ,/card-images/23.png,blue,RR,BT1-23,青2,2,0,BP＋,次元の訪問者,,,
BT1-24,不屈,イベント,2,,,【コンバット】バトル終了まで、自分のユニット1体をBP+3000。,「俺たちはアクアノーヴァを取り戻す！！」,,だがあ,/card-images/24.png,blue,C,BT1-24,青1,1,1,BP＋,次元の訪問者,,,
BT1-25,奪還同盟結成！,イベント,3,,,【メイン】ターン終了まで、自分のユニット全てをBP+3000。,重ねた手は結束と覚悟の表明。,,だがあ,/card-images/25.png,blue,C,BT1-25,青1,1,2,BP＋,次元の訪問者,,,
BT1-26,天体観測,イベント,4,,,【メイン】≪2ドロー≫（デッキからカードを2枚引く）,この世界でも星は綺麗だ。 変な機械が混じっているけれど。,,モト,/card-images/26.png,blue,R,BT1-26,青1,1,3,デッキドロー,次元の訪問者,,,
BT1-27,奥義:ルナの跳躍！,イベント,5,,,特徴に「ルナ」を持つ自分のユニットがいる間、自分の手札から、このカードを使用するとき、支払う無色コスト-2。 【メイン】コスト5以下の相手のユニット1体を退場させる。,高く飛び上がり、急降下して繰り出すキック技。,,だがあ,/card-images/27.png,blue,SR,BT1-27,青2,2,3,ユニット退場,次元の訪問者,,,
BT1-28,戦火のアクアノーヴァ,イベント,6,,,【メイン】コスト7以下の相手のユニット1体を退場させる。,アクアノーヴァはかつて水と平和の都市だった。現在はセイドウに支配され、民は圧政に苦しんでいる。,,だがあ,/card-images/28.png,blue,C,BT1-28,青2,2,4,ユニット退場,次元の訪問者,,,
BT1-29,ハイメタモルの協力者 ミナモ,サポーター,2,,,【メイン】このサポーターをレストすることで、ターン終了まで、自分のユニット1体をBP+2000。,あらゆる生物と意思疎通ができるテレパシー能力を持ち、それによってリーリーやルナと意思疎通し、彼らを導く。,アクアノーヴァ/メタモル,コメスケ,/card-images/29.png,blue,RR,BT1-29,青2,2,0,BP＋,次元の訪問者,,,
BT1-30,海賊の頭領 スイゲツ,サポーター,5,,,【登場時】コスト4以下の相手のユニット1体を退場させる。 【メイン】このサポーターをレストすることで、ターン終了まで、自分のユニット全てをBP+1000。,海賊と出会ったリーリーたちは、彼らの目標である「セイドウからの解放」に共感し協力する事を決めた。,アクアノーヴァ/海賊,株式会社アイラボ,/card-images/30.png,blue,R,BT1-30,青3,3,2,ユニット退場;BP＋,次元の訪問者,,,
BT1-31,サンドワーム,ユニット,1,2000,1000,,サンドワームが地上に這い出るのは、都市が溶岩に吞み込まれる程の大噴火の予兆とされており、残された時間が少ないことを示す。,カグツチ/サンドワーム,株式会社アイラボ,/card-images/31.png,red,C,BT1-31,赤1,1,0,,次元の訪問者,,,
BT1-32,鍛冶場のドワーフ,ユニット,1,2000,1000,,カグツチの文明を支えている職人たち。オーガたちと協力しセイドウと守り神を討伐するために行動している。,カグツチ/ドワーフ,だがあ,/card-images/32.png,red,C,BT1-32,赤1,1,0,,次元の訪問者,,,
BT1-33,ナルカミ,ユニット,2,2000,2000,,プロローグ➂:CNPたちが三種の神器を取りに祭壇に向かうと、そこに既に神器は無く…。,ナルカミ/CNP,小山内えのん,/card-images/33.png,red,C,BT1-33,赤1,1,1,,次元の訪問者,,,
BT1-34,マカミ,ユニット,2,3000,1000,,プロローグ④:三種の神器の代わりにあったのは禍々しく輝く「ホール」であった。,マカミ/CNP,竜弥,/card-images/34.png,red,C,BT1-34,赤1,1,1,,次元の訪問者,,,
BT1-35,マグマメタモル,ユニット,2,5000,-,【自分のターン】このユニットがアタックしている間、自分は助太刀できない。,マグマを取り込んだメタモルは、他のメタモルに比べて凶暴で好戦的だが、体が重いため、獲物に逃げられることが多い。,カグツチ/メタモル,だがあ,/card-images/35.png,red,R,BT1-35,赤1,1,1,デメリット,次元の訪問者,,,
BT1-36,抵抗するオーガ,ユニット,3,4000,1000,,オーガたちはカグツチを守るためにセイドウと戦い、守り神を討とうとするも、守り神を信仰する竜人の妨害に遭っている。,カグツチ/オーガ,だがあ,/card-images/36.png,red,C,BT1-36,赤1,1,2,,次元の訪問者,,,
BT1-37,オイシノサラマンダー,ユニット,3,4000,1000,,カグツチの人気食材:クロヤキが美味,カグツチ/サラマンダー,株式会社アイラボ,/card-images/37.png,red,C,BT1-37,赤1,1,2,,次元の訪問者,,,
BT1-38,式神・炎百足,ユニット,3,3000,1000,,百足を模した形代で召喚した式神。元々はただの百足の式神であったが、カグツチの環境に影響され炎を纏うようになった。,セイドウ/式神,翠月,/card-images/38.png,red,C,BT1-38,-,0,3,,次元の訪問者,,,
BT1-39,フェニックス,ユニット,3,2000,1000,【相手のターン】このユニットをBP+4000。,鷹のナルカミがフェニックスに変化した姿。激しい攻撃を受けても不死鳥のようによみがえる。,ナルカミ/CNP,コメスケ,/card-images/39.png,red,RR,BT1-39,赤2,2,1,BP＋,次元の訪問者,,,
BT1-40,呑気な竜人,ユニット,3,5000,-,,竜人たちは信心深く、守り神がセイドウの手に堕ちた後も信仰を捨てず、守り神を攻撃しようとするオーガたちと対立している。,カグツチ/竜人,だがあ,/card-images/40.png,red,C,BT1-40,赤1,1,2,,次元の訪問者,,,
BT1-41,ナルカミ,ユニット,4,4000,2000,【登場時】≪2ドロー≫（デッキからカードを2枚引く）。その後、自分の手札2枚を破棄する。,真面目で責任感が強い、しっかり者。空から周囲に目を配り、危険をいち早く察知する。,ナルカミ/CNP,株式会社アイラボ,/card-images/41.png,red,RRR,BT1-41,赤2,2,2,デッキドロー,次元の訪問者,,,
BT1-42,竜人のリーダー ミバツ,ユニット,4,4000,1000,【アタック終了時】≪助太刀回収1≫（自分のトラッシュから、このバトルで助太刀に使用したユニットカード1枚を手札に戻せる）,竜人族のリーダー。娘のツミカと共にナルカミたちに接触し、守り神を討とうとするオーガたちを止めようと協力を依頼する。,カグツチ/竜人,コメスケ,/card-images/42.png,red,C,BT1-42,赤1,1,3,助太刀回収,次元の訪問者,,,
BT1-43,量産型ゴーレム,ユニット,4,5000,1000,,ドワーフが鍛造した兵器。 セイドウの式神に対抗し侵略を防いでいる。,カグツチ/ゴーレム,翠月,/card-images/43.png,red,C,BT1-43,赤1,1,3,,次元の訪問者,,,
BT1-44,ホムラノワイバーン,ユニット,4,5000,1000,,守り神の暴走によって火山活動が活性化し、中規模の噴火が続発。その火山灰が生態系に著しい被害を与えている。,カグツチ/ドラゴン,株式会社アイラボ,/card-images/44.png,red,C,BT1-44,赤1,1,3,,次元の訪問者,,,
BT1-45,マカミ,ユニット,5,5000,-,≪奪取≫（このユニットのアタックで、制圧中の相手のユニットを退場させたとき、その拠点の相手のゲージ1枚を減らす） 【登場時】他の自分のユニット1体を手札に戻すことで、ターン終了まで、このユニットをBP+2000。,穏やかで包容力があり、周囲から一目置かれるオオカミのマカミ。慈悲深く、仲間を傷つけるものとは容赦なく戦う。,マカミ/CNP,モト,/card-images/45.png,red,RRR,BT1-45,赤3,3,2,ゲージ破壊;BP＋,次元の訪問者,,,
BT1-46,式神・炎竜,ユニット,6,5000,1000,【登場時】BP4000以下の相手のユニット1体を退場させる。,幼竜を模した形代で召喚した式神。決して戦闘力が高い式神ではないが、戦闘を行う度に成長しやがて進化する能力を持つ。,セイドウ/式神,小山内えのん,/card-images/46.png,red,R,BT1-46,赤2,0,6,ユニット退場,次元の訪問者,,,
BT1-47,カゲロウ,ユニット,7,6000,1000,【登場時】自分の手札から、特徴に「式神」を持つコスト6以下のユニットカード1枚をコストを支払わずに登場できる。,テンシュの部下。元破戒僧であり気性が荒い。カグツチの守り神を神器の力により暴走させ、侵略を進めている。,セイドウ/カゲロウ,翠月,/card-images/47.png,red,R,BT1-47,赤1,1,6,特殊召喚,次元の訪問者,,,
BT1-48,パワードゴーレム:V,ユニット,7,7000,1000,【アタック時】BP合計3000以下になるように相手のユニットを選び、選んだユニットを退場させる。,守り神を討つことを想定し、ドワーフたちが鍛造した試作兵器。その実力を測るために対式神戦に導入された。,カグツチ/ゴーレム,株式会社アイラボ,/card-images/48.png,red,C,BT1-48,赤2,2,5,ユニット退場,次元の訪問者,,,
BT1-49,ブレイズ,ユニット,7,7000,-,≪奪取≫（このユニットのアタックで、制圧中の相手のユニットを退場させたとき、その拠点の相手のゲージ1枚を減らす）,オオカミのマカミが焔の力を身に纏った姿。燃える闘志で、あらゆる困難に立ち向かう。,マカミ/CNP,コメスケ,/card-images/49.png,red,RR,BT1-49,赤2,2,5,ゲージ破壊,次元の訪問者,,,
BT1-50,到着！カグツチ！,イベント,2,,,【メイン】≪2ドロー≫（デッキからカードを2枚引く）。その後、自分の手札1枚を破棄する。,力と信仰の都市カグツチ。セイドウの暗躍により守り神が暴走し、その影響で火山が活性化。このままでは滅亡は避けられない。,,翠月,/card-images/50.png,red,C,BT1-50,赤1,1,1,デッキドロー,次元の訪問者,,,
BT1-51,竜人の怒り,イベント,2,,,【コンバット】BP4000以下の相手のユニット1体を退場させる。,竜人たちの怒りもオーガたちの必死さも両方を理解したマカミとナルカミはどちらに協力するか割り切れないでいた。,,小山内えのん,/card-images/51.png,red,R,BT1-51,赤1,1,1,ユニット退場,次元の訪問者,,,
BT1-52,奥義:ナルカミの警戒,イベント,3,,,特徴に「ナルカミ」を持つ自分のユニットがアタックしている間、自分の手札から、このカードを使用するとき、支払う無色コスト-2。 【メイン】【コンバット】≪2ドロー≫（デッキからカードを2枚引く）。その後、自分の手札1枚を破棄する。,ナルカミの察知能力はあらゆる危険を遠ざける。,,だがあ,/card-images/52.png,red,RR,BT1-52,赤1,1,2,デッキドロー,次元の訪問者,,,
BT1-53,サラマンダーのクロヤキ,イベント,3,,,【メイン】ターン終了まで、自分のユニット1体は「【アタック終了時】≪助太刀回収5≫（自分のトラッシュから、このバトルで助太刀に使用したユニットカード5枚までを手札に戻せる）」の効果を得る。,「食べないんですか～？」,,オノダイサム,/card-images/53.png,red,C,BT1-53,赤2,2,1,助太刀回収,次元の訪問者,,,
BT1-54,錬成,イベント,3,,,【メイン】【コンバット】自分の手札から、赤のコスト4以下のユニットカード1枚をコストを支払わずに登場できる。,ドワーフはひたすらに彫る。 勝利のために。,,株式会社アイラボ,/card-images/54.png,red,C,BT1-54,赤2,2,1,特殊召喚,次元の訪問者,,,
BT1-55,キングオーガの号令,イベント,5,,,【メイン】BP合計5000以下になるように相手のユニットを選び、選んだユニットを退場させる。,「神が堕ちようとも、我々の魂は堕ちず！！」 「たとえ神を討つことになっても、セイドウとの闘いに勝利する！！」,,モト,/card-images/55.png,red,C,BT1-55,赤2,2,3,ユニット退場,次元の訪問者,,,
BT1-56,圧倒的な戦力,イベント,6,,,【コンバット】BP6000以下の相手のユニット1体を退場させる。,「セイドウがっ！！！なんぼのもんじゃ～～～っ！！！」,,株式会社アイラボ,/card-images/56.png,red,R,BT1-56,赤2,2,4,ユニット退場,次元の訪問者,,,
BT1-57,奥義:マカミの爪撃,イベント,6,,,特徴に「マカミ」を持つ自分のユニットがいる間、自分の手札から、このカードを使用するとき、支払う無色コスト-2。 【メイン】BP7000以下の相手のユニット1体を退場させる。,オオカミのマカミは、鉤爪を活かした連続攻撃が得意。,,小山内えのん,/card-images/57.png,red,R,BT1-57,赤2,2,4,ユニット退場,次元の訪問者,,,
BT1-58,竜人の協力者 ツミカ,サポーター,1,,,【メイン】このサポーターをレストすることで、ターン終了まで、自分のユニット1体は「【アタック終了時】≪助太刀回収1≫（自分のトラッシュから、このバトルで助太刀に使用したユニットカード1枚を手札に戻せる）」の効果を得る。,内気な竜人。頭の回転の早さと他者の思惑を察する感度の高さから、マカミやナルカミの意図を汲んで、さりげなく導いていく。,カグツチ/竜人,コメスケ,/card-images/58.png,red,RR,BT1-58,赤1,1,0,助太刀回収,次元の訪問者,,,
BT1-59,キングオーガ オウドン,サポーター,6,,,【登場時】自分の手札から、赤のコスト5以下のユニットカード1枚をコストを支払わずに登場できる。 【メイン】このサポーターをレストすることで、≪1ドロー≫（デッキからカードを1枚引く）。その後、自分の手札1枚を破棄する。,オーガ族の王。あまり賢くないがオーガやドワーフたちのことを第一に考えており、守り神を討ってでも止めるために尽力している。,カグツチ/オーガ,オノダイサム,/card-images/59.png,red,R,BT1-59,赤2,2,4,特殊召喚;デッキドロー,次元の訪問者,,,
BT1-60,式神・兵隊,ユニット,2,2000,1000,,最も効率よく召喚・動作するように調整された式神。,セイドウ/式神,流セイヤ,/card-images/60.png,yellow,C,BT1-60,-,0,2,,次元の訪問者,,,
BT1-61,セツナ,ユニット,2,3000,1000,,プロローグ⑤:CNPたちは慌て混乱した。三種の神器が無くなれば、儀式が成立しないどころか、大問題に発展しかねないからだ。,セツナ/CNP,モト,/card-images/61.png,yellow,C,BT1-61,黄1,1,1,,次元の訪問者,,,
BT1-62,トワ,ユニット,2,2000,2000,,プロローグ⑥:「とにかくやばい」「怒られたくない」——様々な思いが交錯する中、手がかりを前に、できることは一つだった。,トワ/CNP,コメスケ,/card-images/62.png,yellow,C,BT1-62,黄1,1,1,,次元の訪問者,,,
BT1-63,トゥルーリア学派の役員,ユニット,3,4000,1000,,トゥルーリア学派は、最も効率的に科学を発展させるために設立された流派。その精神性が評価され、現在では主流となっている。,ミッドガン/トゥルーリア学派/人間,株式会社アイラボ,/card-images/63.png,yellow,C,BT1-63,黄1,1,2,,次元の訪問者,,,
BT1-64,トゥルーリア学派総合研究長 ネハシーン,ユニット,3,2000,-,【登場時】自分のデッキの上から3枚オープンする。その中の特徴に「トゥルーリア学派」を持つカード1枚を手札に加える。残りはデッキの下に戻す。,発展と研究が何よりも優先されるミッドガンでは、学ぶことが最も尊いとされ、「学派」は膨大な権力を持ち、事実上の政府である。,ミッドガン/トゥルーリア学派/人間,翠月,/card-images/64.png,yellow,R,BT1-64,黄2,2,1,サーチ,次元の訪問者,,,
BT1-65,負傷した反学派構成員,ユニット,3,4000,1000,,技術発展のためならどんな犠牲も厭わない学派の思想を快く思わない者たちは、「反学派」として届かぬ声を挙げた。,ミッドガン/反学派/人間,株式会社アイラボ,/card-images/65.png,yellow,C,BT1-65,黄1,1,2,,次元の訪問者,,,
BT1-66,マネキネコ,ユニット,3,3000,1000,【アタック時】自分のデッキの上から2枚オープンする。その中のイベントカード1枚を手札に加える。残りはデッキの下に戻す。,黒猫のトワが、招き猫に変化した姿。仲間に勝利と幸福を呼び寄せる。,セツナ/CNP,翠月,/card-images/66.png,yellow,RR,BT1-66,黄2,2,1,サーチ,次元の訪問者,,,
BT1-67,ミッドガンの市民,ユニット,3,4000,1000,,ミッドガンの一般市民は、トゥルーリア学派がもたらす科学の恩恵を受け、不自由なく暮らしている。,ミッドガン/人間,株式会社アイラボ,/card-images/67.png,yellow,C,BT1-67,黄1,1,2,,次元の訪問者,,,
BT1-68,機械人,ユニット,4,5000,1000,,ミッドガンの高い技術力は機械すら人たらしめた。,ミッドガン/人間/機械,株式会社アイラボ,/card-images/68.png,yellow,C,BT1-68,黄1,1,3,,次元の訪問者,,,
BT1-69,機械ペット・犬,ユニット,4,5000,1000,,「野良猫！？保安部に通報しなきゃ！！」トワとセツナは駆け出した。どうやらこの都市では野良猫は通報対象らしい。,ミッドガン/機械/アニマル,モト,/card-images/69.png,yellow,C,BT1-69,黄1,1,3,,次元の訪問者,,,
BT1-70,クオンタム,ユニット,4,4000,1000,≪ゲージバーン≫（このユニットが減らしたゲージは破棄される）,黒猫のトワが量子の力を身に纏った姿。全身から発する光で相手を惑わせる。,トワ/CNP,株式会社アイラボ,/card-images/70.png,yellow,RR,BT1-70,黄2,2,2,ゲージ破壊,次元の訪問者,,,
BT1-71,式神・狐,ユニット,4,4000,1000,【自分のターン終了時】このユニットが制圧中なら、≪レイキ回復1≫（自分のレイキ1枚をアクティブにする）。,狐を模した形代で召喚した式神。テンシュのお気に入り。,セイドウ/式神,流セイヤ,/card-images/71.png,yellow,C,BT1-71,黄2,0,4,レイキ回復,次元の訪問者,,,
BT1-72,大型機兵,ユニット,5,6000,1000,,学派が表面上は「防衛用兵器」として制作していた巨大な機兵。,ミッドガン/トゥルーリア学派/機械,小山内えのん,/card-images/72.png,yellow,C,BT1-72,黄1,1,4,,次元の訪問者,,,
BT1-73,機械ペット・熊,ユニット,5,6000,1000,,動物は学派に厳重に管理されており、ミッドガンにはいない為、機械ペットなるものが流行している。,ミッドガン/機械/アニマル,小山内えのん,/card-images/73.png,yellow,C,BT1-73,黄1,1,4,,次元の訪問者,,,
BT1-74,高機動型大型機兵,ユニット,5,5000,1000,【登場時】コスト2以下の相手のユニット1体を手札に戻す。,学派の研究は非常に過激で事故等の犠牲者も後を絶たないが、その名誉の死による恩恵を享受している民たちは学派を批判できない。,ミッドガン/トゥルーリア学派/機械,オノダイサム,/card-images/74.png,yellow,R,BT1-74,黄2,2,3,ユニット手札に戻す,次元の訪問者,,,
BT1-75,テンシュ,ユニット,5,5000,1000,【自分のターン終了時】このユニットが制圧中なら、コスト4以下の相手のユニット1体を手札に戻す。,セイドウの幹部。次元を超越する能力など様々な強力な術を行使できる。目的は不明だが「三種の神器」を強奪しこの世界にきた。,セイドウ/テンシュ,コメスケ,/card-images/75.png,yellow,RR,BT1-75,黄1,1,4,ユニット手札に戻す,次元の訪問者,,,
BT1-76,イザナミ・試験機,ユニット,6,9000,-,【相手のターン開始時】アクティブ状態の自分のレイキがないなら、このユニットを退場させる。,学派が開発したレイキを動力に駆動する対セイドウ用新型機兵試験機。,ミッドガン/トゥルーリア学派/機械,オノダイサム,/card-images/76.png,yellow,R,BT1-76,黄2,2,4,デメリット,次元の訪問者,,,
BT1-77,セツナ,ユニット,6,6000,2000,【登場時】自分のデッキの上から5枚オープンする。その中のイベントカード1枚を手札に加える。残りはデッキの下に戻す。 【自分のターン終了時】≪レイキ回復2≫（自分のレイキ2枚までをアクティブにする）,口数は少ないが思慮深く、本質を見抜く力を持つ白猫のセツナ。双子のトワの良き理解者でもある。,セツナ/CNP,モト,/card-images/77.png,yellow,RRR,BT1-77,黄2,2,4,サーチ;レイキ回復,次元の訪問者,,,
BT1-78,トワ,ユニット,8,8000,-,≪ゲージバーン≫（このユニットが減らしたゲージは破棄される） 【登場時】コスト6以下の相手のユニット1体を手札に戻す。,トワは、好奇心旺盛で行動的。失敗を恐れずに挑戦することで、仲間を勇気づける存在。,トワ/CNP,オノダイサム,/card-images/78.png,yellow,RRR,BT1-78,黄2,2,6,ゲージ破壊;ユニット手札に戻す,次元の訪問者,,,
BT1-79,徹底抗戦,イベント,1,,,【コンバット】コスト3以下の相手のユニット1体を手札に戻す。,報道：「本日も我が軍はセイドウの撃退に成功！！我々の勝利は目前です！！」,,流セイヤ,/card-images/79.png,yellow,C,BT1-79,黄1,1,0,ユニット手札に戻す,次元の訪問者,,,
BT1-80,レイキの研究,イベント,1,,,【メイン】このターン終了時、≪レイキ回復3≫（自分のレイキ3枚までをアクティブにする）。,「何度みても驚嘆するよ…こんなにも超常的で優れたエネルギーがあるなんて…」,,小山内えのん,/card-images/80.png,yellow,C,BT1-80,黄1,1,0,レイキ回復,次元の訪問者,,,
BT1-81,裏取引,イベント,2,,,【コンバット】お互いは≪1ドロー≫（デッキからカードを1枚引く）。その後、相手の助太刀1枚をデッキの上に戻す。,「助かるよ」,,流セイヤ,/card-images/81.png,yellow,C,BT1-81,黄1,1,1,デッキドロー;助太刀操作,次元の訪問者,,,
BT1-82,到着！ミッドガン！,イベント,2,,,【メイン】【コンバット】自分のデッキの上から5枚オープンする。その中のユニットカード1枚を手札に加える。残りはデッキの下に戻す。,発展と研究の都市ミッドガン。セイドウが侵略を試みているものの、強力な「機兵」たちによって戦況は好調らしい。,,モト,/card-images/82.png,yellow,R,BT1-82,黄1,1,1,サーチ,次元の訪問者,,,
BT1-83,怪しい？協力依頼,イベント,3,,,【メイン】【コンバット】自分のデッキの上から5枚オープンする。その中のイベントカード1枚とサポーターカード1枚を手札に加える。残りはデッキの下に戻す。,謎の少女はトワ達を路地裏へと連れ込んだ。「ねぇ貴方たち、ここの人じゃないよね？『私たち』に協力してくれないかな？」,,流セイヤ,/card-images/83.png,yellow,C,BT1-83,黄2,2,1,サーチ,次元の訪問者,,,
BT1-84,情報の吟味,イベント,3,,,【メイン】ターン終了まで、次に自分の手札から、ユニットカードを登場させるとき、支払う無色コスト-4。,「協力するならかくまってあげるよ。協力しないなら保安部に突き出すだけだけど」ほかに選択肢はないようだ。,,流セイヤ,/card-images/84.png,yellow,R,BT1-84,黄2,2,1,コスト軽減,次元の訪問者,,,
BT1-85,奥義:テンシュの呪詛,イベント,4,,,特徴に「セイドウ」を持つ自分のユニットがいる間、自分の手札から、このカードを使用するとき、支払う無色コスト-2。 【メイン】コスト5以下の相手のユニット1体を手札に戻す。,「ひれ伏せ」,,小山内えのん,/card-images/85.png,yellow,R,BT1-85,黄2,2,2,ユニット手札に戻す,次元の訪問者,,,
BT1-86,奥義:トワとセツナの未来視,イベント,5,,,特徴に「トワ」/「セツナ」を持つ自分のユニットがアタックしている間、自分の手札から、このカードを使用するとき、支払う無色コスト-2。 【メイン】【コンバット】自分の手札1枚を自分のユニットが制圧している拠点のゲージの上に置く。,トワとセツナの未来を見通す力。 その目には何が映るのか。,,株式会社アイラボ,/card-images/86.png,yellow,RR,BT1-86,黄2,2,3,ゲージ操作,次元の訪問者,,,
BT1-87,謎の少女,サポーター,2,,,【メイン】このサポーターをレストすることで、ターン終了まで、次に自分の手札から、イベントカードを使用するとき、支払う無色コスト-1。,トワとセツナに接触してきた謎の少女。異種族間コミュニケーション用翻訳機を持っており、それによりトワたちに協力を強制した。,ミッドガン/反学派/人間,コメスケ,/card-images/87.png,yellow,RR,BT1-87,黄2,2,0,コスト軽減,次元の訪問者,,,
BT1-88,保安部部長 ヘルナ,サポーター,5,,,【登場時】自分の手札から、黄のコスト4以下のイベントカード1枚をコストを支払わずに使用できる。 【自分のターン終了時】このサポーターをレストすることで、≪レイキ回復1≫（自分のレイキ1枚をアクティブにする）。,保安部は学派が持つ事実上の「警察兼軍隊」。ミッドガン内にレイキの反応が発生した事を確認し、トワたちを捜索している。,ミッドガン/トゥルーリア学派/人間,モト,/card-images/88.png,yellow,R,BT1-88,黄2,2,3,特殊召喚;レイキ回復,次元の訪問者,,,
BT1-89,オロチ,ユニット,2,2000,2000,,プロローグ⑦:このホールの先に神器を奪った犯人達がいるのであろうという確信を持ちCNPたちはゲートに飛び込んだ。,オロチ/CNP,流セイヤ,/card-images/89.png,green,C,BT1-89,緑1,1,1,,次元の訪問者,,,
BT1-90,ヤーマ,ユニット,2,3000,1000,,プロローグ⑧:ホールを超えたCNPたちの目の前に広がったのは、まだ見ぬ新天地。彼らの冒険はここから始まる。,ヤーマ/CNP,コメスケ,/card-images/90.png,green,C,BT1-90,緑1,1,1,,次元の訪問者,,,
BT1-91,偵察するエルフ,ユニット,3,4000,1000,,とっても長寿なメテオラスの住人。他種族に対して排他的であり、ウッドレイスとフェアリーを見下している。,メテオラス/エルフ,モト,/card-images/91.png,green,C,BT1-91,緑1,1,2,,次元の訪問者,,,
BT1-92,エルフのリーダー グムリン,ユニット,3,2000,-,【登場時】≪レイキ追加1≫（自分のレイキデッキの上から1枚をレイキエリアに置く）,「あのフェアリーの小娘め！余所者を味方につけよって！！そんなにもエルフを滅ぼしたいか！！」,メテオラス/エルフ,モト,/card-images/92.png,green,R,BT1-92,緑2,2,1,レイキ追加,次元の訪問者,,,
BT1-93,果実のウッドレイス,ユニット,3,4000,1000,,ウッドレイスは動物と植物の中間の生物の総称であり、その姿は多種多様。故に収拾がつかず、無法地帯と化している。,メテオラス/ウッドレイス,流セイヤ,/card-images/93.png,green,C,BT1-93,緑1,1,2,,次元の訪問者,,,
BT1-94,式神・蝶,ユニット,3,3000,1000,,蝶を模した形代で召喚した式神。使い勝手が良い。,セイドウ/式神,モト,/card-images/94.png,green,C,BT1-94,-,0,3,,次元の訪問者,,,
BT1-95,フェアリー,ユニット,3,4000,1000,,フェアリーは昆虫の要素を身に宿す人型の種族。基本的には温厚な種族。,メテオラス/フェアリー,流セイヤ,/card-images/95.png,green,C,BT1-95,緑1,1,2,,次元の訪問者,,,
BT1-96,フェアリーの蛹,ユニット,3,1000,1000,【自分のターン開始時】このユニットが制圧中なら、このユニットを退場させることで、自分のデッキの上から1枚オープンする。それが緑のユニットカードならコストを支払わずに登場させる。残りは手札に加える。,フェアリーが繭を形成し完全変態を遂げる準備を行っている姿。,メテオラス/フェアリー,流セイヤ,/card-images/96.png,green,C,BT1-96,緑2,2,1,特殊召喚,次元の訪問者,,,
BT1-97,式神・鹿,ユニット,4,4000,1000,【登場時】自分のレイキ1枚をレイキデッキの下に戻す。その後、≪レイキ追加1≫（自分のレイキデッキの上から1枚をレイキエリアに置く）。,鹿を模した形代で召喚した式神。パワーは低いが周囲の環境を操作する能力を持っている。,セイドウ/式神,モト,/card-images/97.png,green,R,BT1-97,緑2,0,4,レイキ操作;レイキ追加,次元の訪問者,,,
BT1-98,長樹のウッドレイス ギスクヤ,ユニット,4,4000,1000,【登場時】制圧中の自分のユニット1体をユニットエリアに移動できる。,ウッドレイスのご意見番的存在。余りにも多種多様なウッドレイスは悩みも多種多様であり、相談者が後を絶たない。,メテオラス/ウッドレイス,流セイヤ,/card-images/98.png,green,C,BT1-98,緑1,1,3,配置移動,次元の訪問者,,,
BT1-99,レギオオカミ,ユニット,5,6000,1000,,オロチとヤーマが目にしたのは、動物たちの根城となった数多の廃墟だった。,メテオラス/アニマル,モト,/card-images/99.png,green,C,BT1-99,緑1,1,4,,次元の訪問者,,,
BT1-100,ダイアモンド,ユニット,6,6000,1000,【登場時】≪レイキ追加1≫（自分のレイキデッキの上から1枚をレイキエリアに置く）,白蛇のオロチがダイアモンドに変化した姿。その最強クラスの硬度で、攻撃にも防御にも活躍する。,オロチ/CNP,流セイヤ,/card-images/100.png,green,RR,BT1-100,緑2,2,4,レイキ追加,次元の訪問者,,,
BT1-101,フウジン,ユニット,6,6000,1000,【登場時】コスト5以下の制圧中の相手のユニット全てをユニットエリアに移動させる。,風神に変化したヤーマは、たちまち強風を巻き起こし、敵を追い払う。,ヤーマ/CNP,モト,/card-images/101.png,green,RR,BT1-101,緑2,2,4,配置移動,次元の訪問者,,,
BT1-102,ベヒーモス,ユニット,6,7000,1000,,獰猛で食欲旺盛で羽が生えたカバ。 ウッドレイスも含めてあらゆる植物を食らいつくす。,メテオラス/アニマル,モト,/card-images/102.png,green,C,BT1-102,緑1,1,5,,次元の訪問者,,,
BT1-103,ユウギリ,ユニット,6,5000,1000,【お互いのターン】特徴に「セイドウ」を持つ自分のユニット全てをBP+1000。,テンシュの部下。メテオラスを侵略するために動いているはずだが、まだ神器の力は使っていない。,セイドウ/ユウギリ,コメスケ,/card-images/103.png,green,R,BT1-103,緑1,1,5,BP＋,次元の訪問者,,,
BT1-104,オロチ,ユニット,8,8000,-,≪ゲージブレイク≫（このユニットが相手のゲージを減らすとき、2枚減らす） 【お互いのターン】自分のユニット全てをBP+1000。,聡明で面倒見が良く、仲間を献身的にサポートする白蛇のオロチ。我慢強いものの、怒ると毒の牙で攻撃する。,オロチ/CNP,コメスケ,/card-images/104.png,green,RRR,BT1-104,緑2,2,6,ゲージ破壊;BP＋,次元の訪問者,,,
BT1-105,完全変態個体 レトゥ,ユニット,9,10000,-,≪ゲージブレイク≫（このユニットが相手のゲージを減らすとき、2枚減らす）,蛹を経て再誕したフェアリー族の一人。変態を遂げてしまった個体は強大な力と高度な知性を得ると同時に他者を見下すようになる。,メテオラス/フェアリー,流セイヤ,/card-images/105.png,green,R,BT1-105,緑2,2,7,ゲージ破壊,次元の訪問者,,,
BT1-106,ヤーマ,ユニット,9,10000,-,【登場時】制圧中の相手のユニット2体までをユニットエリアに移動させる。,物知りで、決断力に優れている小鬼のヤーマ。逆境に強く、ここぞという場面で能力を発揮する。,ヤーマ/CNP,モト,/card-images/106.png,green,RRR,BT1-106,緑5,5,4,配置移動,次元の訪問者,,,
BT1-107,誘い,イベント,2,,,【メイン】ターン終了まで、緑の自分のユニット1体は「このユニットがアタックしている間、相手は助太刀できない。」の効果を得る。,「こっちこっち！！」喧噪に巻き込まれたオロチたちに手を差し伸べたのは、妖精のような少女だった。,,流セイヤ,/card-images/107.png,green,R,BT1-107,緑1,1,1,助太刀制限,次元の訪問者,,,
BT1-108,喧噪,イベント,2,,,【メイン】制圧中のユニット1体をユニットエリアに移動させる。,痛々しい争いの痕跡を眺めていたのもつかの間、喧噪に巻き込まれそうになったオロチとヤーマ。,,小山内えのん,/card-images/108.png,green,C,BT1-108,緑1,1,1,配置移動,次元の訪問者,,,
BT1-109,到着！メテオラス！,イベント,2,,,【メイン】相手のターン終了まで、自分のユニット1体をBP+2000。,自然と争いの都市メテオラス。元々三大勢力による争いが絶えず、セイドウの侵略の結果内戦はより混沌、激化している。,,モト,/card-images/109.png,green,C,BT1-109,緑1,1,1,BP＋,次元の訪問者,,,
BT1-110,プランニング,イベント,2,,,【メイン】≪レイキ追加1≫（自分のレイキデッキの上から1枚をレイキエリアに置く）,当てがなくても『とりあえずの目的』を決めるのは大事。,,モト,/card-images/110.png,green,C,BT1-110,緑1,1,1,レイキ追加,次元の訪問者,,,
BT1-111,奥義:オロチの脱皮,イベント,3,,,特徴に「オロチ」を持つ自分のユニットがいる間、自分の手札から、このカードを使用するとき、支払う無色コスト-1。 【メイン】相手のターン終了まで、自分のユニット1体をBP+3000。,オロチは脱皮することで、あらゆる身体機能が向上する。,,モト,/card-images/111.png,green,RR,BT1-111,緑1,1,2,BP＋,次元の訪問者,,,
BT1-112,奥義:ヤーマの罠,イベント,3,,,特徴に「ヤーマ」を持つ自分のユニットがアタックしている間、自分の手札から、このカードを使用するとき、支払う無色コスト-2。 【メイン】【コンバット】制圧中のユニット1体をユニットエリアに移動させる。,ヤーマの知略は短絡的なものを再起不能にする。,,モト,/card-images/112.png,green,R,BT1-112,緑2,2,1,配置移動,次元の訪問者,,,
BT1-113,悠久の歴史,イベント,3,,,【メイン】自分のレイキ2枚をレイキデッキの下に戻す。その後、≪レイキ追加2≫（自分のレイキデッキの上から2枚をレイキエリアに置く）。,古代遺跡に象形文字で刻まれていたのは、協力関係を築こうとするたびに絶対に「裏切り者」が現れるメテオラスの歴史であった。,,流セイヤ,/card-images/113.png,green,C,BT1-113,緑2,2,1,レイキ操作;レイキ追加,次元の訪問者,,,
BT1-114,一触即発,イベント,4,,,【メイン】コスト4以下の制圧中のユニット全てをユニットエリアに移動させる。,セイドウも参戦して激化する戦場を後にし、クルミは「争いを止める方法」を知っているという人物の元へ、オロチたちを導く。,,流セイヤ,/card-images/114.png,green,C,BT1-114,緑2,2,2,配置移動,次元の訪問者,,,
BT1-115,フェアリーの協力者 クルミ,サポーター,2,,,【メイン】このサポーターをレストすることで、相手のターン終了まで、自分のユニット1体をBP+1000。,少し天然だが明るい性格のフェアリー。ボディランゲージでオロチたちと意思疎通し、長く続く内戦を終わらせるために彼らを導く。,メテオラス/フェアリー,コメスケ,/card-images/115.png,green,RR,BT1-115,緑1,1,1,BP＋,次元の訪問者,,,
BT1-116,エルフの長老 ズモギン,サポーター,7,,,【登場時】制圧中のユニット1体をユニットエリアに移動させる。 【メイン】このサポーターと自分のレイキ1枚をレストすることで、≪レイキ追加1≫（自分のレイキデッキの上から1枚をレイキエリアに置く）。,排他的思想を扇動するエルフ族の長老。大昔に起きた内戦では劣勢を覆し勝利に導き、エルフたちからは英雄視されている。,メテオラス/エルフ,モト,/card-images/116.png,green,R,BT1-116,緑2,2,5,配置移動;レイキ追加,次元の訪問者,,,
P-1,ミタマ,ユニット,2,2000,1000,,廃れた謎の場所に一人飛ばされてしまったミタマ。窓の外に広がるのは…宇宙？,ミタマ/CNP,未定,/card-images/117.png,purple,P,P-1,-,0,2,,次元の訪問者,,,
BT2-1,アクアノーヴァの野良猫,ユニット,3,5000,,,自由になった元飼い猫は猫社会の頂点を目指して奔走する。,アクアノーヴァ/アニマル,コメスケ / すとぽぷ,/card-images/bt2-1.png,blue,C,BT2-1,青1,1,2,,魂魄の冥導士,アクアノーヴァ;アニマル,,自由になった元飼い猫は猫社会の頂点を目指して奔走する。
BT2-2,ピンク,ユニット,4,5000,,【登場時】ターン終了まで、相手のユニット1体をコスト-1。,ピンク色に変化したルナ。愛らしい見た目で相手を騙し、戦闘を有利に運ぶ。,ルナ/CNP,コメスケ / Urukun,/card-images/bt2-2.png,red,RR,BT2-2,赤2,2,2,コスト減少,魂魄の冥導士,ルナ;CNP,【登場時】ターン終了まで、相手のユニット1体をコスト-1。,ピンク色に変化したルナ。愛らしい見た目で相手を騙し、戦闘を有利に運ぶ。
BT2-3,レイキ結合体:瓦礫,ユニット,3,4000,,【登場時】自分のレイキ1枚をレイキデッキの下に戻す。その後、コスト4以下の相手のユニット1体を退場させる。,禍々しき命は万物を取り込む。戦火の残滓さえも。,レイキ結合体,コメスケ / すとぽぷ,/card-images/bt2-3.png,blue,R,BT2-3,青2,2,1,退場,魂魄の冥導士,レイキ結合体,【登場時】自分のレイキ1枚をレイキデッキの下に戻す。その後、コスト4以下の相手のユニット1体を退場させる。,禍々しき命は万物を取り込む。戦火の残滓さえも。
BT2-4,ルナ,ユニット,4,5000,1000,,無尽蔵に式神を操るミカヅキ。その異常なレイキの源が神器であることを突き止めたルナは、神器を取り返すべく単身乗り込んだ。,ルナ/CNP,コメスケ / SHU-,/card-images/bt2-4.png,blue,C,BT2-4,青1,1,3,,魂魄の冥導士,ルナ;CNP,,無尽蔵に式神を操るミカヅキ。その異常なレイキの源が神器であることを突き止めたルナは、神器を取り返すべく単身乗り込んだ。
BT2-5,ぬいぐるみ,ユニット,6,6000,1000,【登場時】ターン終了まで、相手のユニット全てをコスト-2。 【アタック時】コスト2以下の相手のユニット1体を退場させる。,ぬいぐるみの姿に変化することで気配を完全に消したルナ。誰にも気づかれず、ついにミカヅキから神器を取り返した！,ルナ/CNP,コメスケ / SHU-,/card-images/bt2-5.png,blue,RRR,BT2-5,青3,3,3,コスト減少;退場,魂魄の冥導士,ルナ;CNP,【登場時】ターン終了まで、相手のユニット全てをコスト-2。 【アタック時】コスト2以下の相手のユニット1体を退場させる。,ぬいぐるみの姿に変化することで気配を完全に消したルナ。誰にも気づかれず、ついにミカヅキから神器を取り返した！
BT2-6,リーリー,ユニット,5,6000,,【アタック時】自分のデッキの上から1枚破棄する。それが青のカードなら、ターン終了まで、このユニットをBP+2000。,ドレスのような美しい姿に変化したリーリー。その美しさでミカヅキを魅了し、隙を作ることに成功した。,リーリー/CNP,コメスケ / すとぽぷ,/card-images/bt2-6.png,blue,R,BT2-6,青2,2,3,BP＋,魂魄の冥導士,リーリー;CNP,【アタック時】自分のデッキの上から1枚破棄する。それが青のカードなら、ターン終了まで、このユニットをBP+2000。,ドレスのような美しい姿に変化したリーリー。その美しさでミカヅキを魅了し、隙を作ることに成功した。
BT2-7,荒れ狂うミカヅキ,ユニット,6,7000,,【自分のターン】自分の手札が3枚以下の間、このユニットをBP+2000。,リーリーとルナの参戦により劣勢を強いられたミカヅキは神器の力を解放し、荒々しくその力を振るう。,セイドウ/ミカヅキ,コメスケ / SHU-,/card-images/bt2-7.png,blue,RR,BT2-7,青1,1,5,BP＋,魂魄の冥導士,セイドウ;ミカヅキ,【自分のターン】自分の手札が3枚以下の間、このユニットをBP+2000。,リーリーとルナの参戦により劣勢を強いられたミカヅキは神器の力を解放し、荒々しくその力を振るう。
BT2-8,セイ,ユニット,3,3000,,【登場時】コスト3以下の相手のユニット1体をコスト-1。,セイドウの一族の娘。父の影響で呪術に長けている。,セイドウ,コメスケ / SASUKE,/card-images/bt2-8.png,blue,C,BT2-8,青1,1,2,コスト減少,魂魄の冥導士,セイドウ,【登場時】コスト3以下の相手のユニット1体をコスト-1。,セイドウの一族の娘。父の影響で呪術に長けている。
BT2-9,スピリット・シザーズ,イベント,3,,,相手のユニット1体を退場させる。,魂を切り裂く呪術の刃。,,コメスケ / すとぽぷ,/card-images/bt2-9.png,blue,C,BT2-9,青2,2,1,退場,魂魄の冥導士,,相手のユニット1体を退場させる。,魂を切り裂く呪術の刃。
BT2-10,ルナ,ユニット,1,2000,,,変装が得意な忍者。様々な姿に変化して敵を欺く。,ルナ/CNP,コメスケ / 十五夜,/card-images/bt2-10.png,blue,C,BT2-10,青1,1,0,,魂魄の冥導士,ルナ;CNP,,変装が得意な忍者。様々な姿に変化して敵を欺く。
BT2-11,レイキ結合体:カラス,ユニット,2,3000,,【登場時】自分のレイキ1枚をレイキデッキの下に戻す。その後、カードを1枚引く。,邪悪な霊力がカラスの死骸に宿った姿。,レイキ結合体,コメスケ / すとぽぷ,/card-images/bt2-11.png,blue,C,BT2-11,青1,1,1,ドロー,魂魄の冥導士,レイキ結合体,【登場時】自分のレイキ1枚をレイキデッキの下に戻す。その後、カードを1枚引く。,邪悪な霊力がカラスの死骸に宿った姿。
BT2-12,アクアノーヴァの住人,ユニット,2,3000,,,水の都アクアノーヴァで暮らす一般市民。,アクアノーヴァ,コメスケ / すとぽぷ,/card-images/bt2-12.png,blue,C,BT2-12,青1,1,1,,魂魄の冥導士,アクアノーヴァ,,水の都アクアノーヴァで暮らす一般市民。
BT2-13,アクアノーヴァの漁師,ユニット,4,5000,,【登場時】自分のデッキの上から3枚見て、その中からユニット1枚を手札に加える。残りを任意の順番でデッキの下に戻す。,豊かな海で魚を獲る熟練の漁師。,アクアノーヴァ,コメスケ / すとぽぷ,/card-images/bt2-13.png,blue,C,BT2-13,青1,1,3,サーチ,魂魄の冥導士,アクアノーヴァ,【登場時】自分のデッキの上から3枚見て、その中からユニット1枚を手札に加える。残りを任意の順番でデッキの下に戻す。,豊かな海で魚を獲る熟練の漁師。
BT2-14,スピリット・ブラスト,イベント,4,,,相手のユニット全てに1000ダメージを与える。,霊力を爆発させて敵を一掃する呪術。,,コメスケ / すとぽぷ,/card-images/bt2-14.png,blue,R,BT2-14,青2,2,2,ダメージ,魂魄の冥導士,,相手のユニット全てに1000ダメージを与える。,霊力を爆発させて敵を一掃する呪術。
BT2-15,急造海賊船:ミナモ号,サポーター,3,,,【自分のターン】コスト5以下の自分のユニット全てをBP+1000。,海賊たちがミカヅキと戦う為に急造した船。リーリーやアクアペンギン達は目を輝かせたが、ミナモ本人は呆れていた。,アクアノーヴァ,コメスケ,/card-images/bt2-15.png,blue,R,BT2-15,青2,2,1,BP＋,魂魄の冥導士,アクアノーヴァ,【自分のターン】コスト5以下の自分のユニット全てをBP+1000。,海賊たちがミカヅキと戦う為に急造した船。リーリーやアクアペンギン達は目を輝かせたが、ミナモ本人は呆れていた。
BT2-16,ナルカミ,ユニット,2,3000,1000,,ナルカミとマカミは、ミバツとツミカからの依頼を断り、争いを止めるために自ら行動を始め…… 一旦休息を取ることに決めた。,ナルカミ/CNP,コメスケ / SHU-ツル,/card-images/bt2-16.png,red,C,BT2-16,赤1,1,1,,魂魄の冥導士,ナルカミ;CNP,,ナルカミとマカミは、ミバツとツミカからの依頼を断り、争いを止めるために自ら行動を始め…… 一旦休息を取ることに決めた。
BT2-17,ナルカミ,ユニット,3,3000,1000,【登場時】ターン終了まで、赤の他の自分のユニット1体は≪回収≫（このユニットが助太刀に使用されたとき、助太刀に使用したユニットカード1枚を手札に戻せる）の効果を得る。,「炎神を止めなければカグツチに明日は無いぞ！」 暴徒と化しセイドウに付く竜人たちを必死に説得するも、その声は届かない。,ナルカミ/CNP,コメスケ / すとぽぷ,/card-images/bt2-17.png,red,R,BT2-17,赤2,2,1,回収,魂魄の冥導士,ナルカミ;CNP,【登場時】ターン終了まで、赤の他の自分のユニット1体は≪回収≫（このユニットが助太刀に使用されたとき、助太刀に使用したユニットカード1枚を手札に戻せる）の効果を得る。,「炎神を止めなければカグツチに明日は無いぞ！」 暴徒と化しセイドウに付く竜人たちを必死に説得するも、その声は届かない。
BT2-18,マカミ,ユニット,3,3000,1000,【登場時】ターン終了まで、赤の他の自分のユニット1体は≪奪取≫（このユニットのアタックで、制圧中の相手のユニットを退場させたとき、その拠点の相手のゲージ1枚を減らす）を得る。,暗い色へと変化したマカミ。その体は闇夜に溶け込み、気配を断つ。,マカミ/CNP,コメスケ / すとぽぷ,/card-images/bt2-18.png,red,R,BT2-18,赤2,2,1,奪取,魂魄の冥導士,マカミ;CNP,【登場時】ターン終了まで、赤の他の自分のユニット1体は≪奪取≫（このユニットのアタックで、制圧中の相手のユニットを退場させたとき、その拠点の相手のゲージ1枚を減らす）を得る。,暗い色へと変化したマカミ。その体は闇夜に溶け込み、気配を断つ。
BT2-20,暴動を起こす竜人,ユニット,4,5000,1000,,信仰していた炎神に攻撃を加えるオーガ達に業を煮やした竜人たちはついに一線を超え、暴動を引き起こした。,カグツチ/竜人,コメスケ / すとぽぷ,/card-images/bt2-20.png,red,C,BT2-20,赤1,1,3,,魂魄の冥導士,カグツチ;竜人,,信仰していた炎神に攻撃を加えるオーガ達に業を煮やした竜人たちはついに一線を超え、暴動を引き起こした。
BT2-23,ネオンオレンジ,ユニット,8,8000,2000,【登場時】BP6000以下のユニットエリアの相手のユニット1体を退場させる。,ネオンオレンジの輝きに変化したマカミ。鮮烈なその姿は式神たちを引き寄せ、襲いかかる敵を容赦なく退ける。,マカミ/CNP,コメスケ / すとぽぷ,/card-images/bt2-23.png,red,RRR,BT2-23,赤5,5,3,退場,魂魄の冥導士,マカミ;CNP,【登場時】BP6000以下のユニットエリアの相手のユニット1体を退場させる。,ネオンオレンジの輝きに変化したマカミ。鮮烈なその姿は式神たちを引き寄せ、襲いかかる敵を容赦なく退ける。
BT2-27,炎の嵐,イベント,5,,,【コンバット】BP4000以下のユニット全てを退場させる。,セイドウ、炎神、そして暴徒と化した竜人たちの手によってカグツチの街は戦火に包まれた。,,コメスケ / すとぽぷ,/card-images/bt2-27.png,red,C,BT2-27,赤3,3,2,退場,魂魄の冥導士,,【コンバット】BP4000以下のユニット全てを退場させる。,セイドウ、炎神、そして暴徒と化した竜人たちの手によってカグツチの街は戦火に包まれた。
BT2-29,支配された炎神,サポーター,2,,,【コンバット】このバトルで自分が2枚以上助太刀しているなら、このサポーターをレストすることで、≪1ドロー≫（デッキからカードを1枚引く）。その後、自分の手札1枚を破棄する。,竜人たちに信仰されカグツチに恵みを授けていた炎神。今は神器によりセイドウに支配され噴火を活発化させる戦略兵器と化した。,セイドウ/土地神,コメスケ,/card-images/bt2-29.png,red,RR,BT2-29,赤2,2,0,ドロー,魂魄の冥導士,セイドウ;土地神,【コンバット】このバトルで自分が2枚以上助太刀しているなら、このサポーターをレストすることで、≪1ドロー≫（デッキからカードを1枚引く）。その後、自分の手札1枚を破棄する。,竜人たちに信仰されカグツチに恵みを授けていた炎神。今は神器によりセイドウに支配され噴火を活発化させる戦略兵器と化した。
BT2-19,シオン,ユニット,4,3000,1000,【登場時】ターン終了まで、赤の他の自分のユニット1体は≪奪取≫（このユニットのアタックで、制圧中の相手のユニットを退場させたとき、その拠点の相手のゲージ1枚を減らす）を得る。,暗い色へと変化したマカミ。その体は闇夜に溶け込み、気配を断つ。,マカミ/CNP,コメスケ / すとぽぷ,/card-images/bt2-19.png,red,R,BT2-19,赤2,2,2,奪取,魂魄の冥導士,マカミ;CNP,【登場時】ターン終了まで、赤の他の自分のユニット1体は≪奪取≫（このユニットのアタックで、制圧中の相手のユニットを退場させたとき、その拠点の相手のゲージ1枚を減らす）を得る。,暗い色へと変化したマカミ。その体は闇夜に溶け込み、気配を断つ。
BT2-21,マカミ,ユニット,5,7000,,,どれほど神が大切でも、その神の為に人が傷つくことは許せない。そう信じるマカミたちは、オーガたちを救うために立ち上がった。,マカミ/CNP,コメスケ / すとぽぷ,/card-images/bt2-21.png,red,C,BT2-21,赤1,1,4,,魂魄の冥導士,マカミ;CNP,,どれほど神が大切でも、その神の為に人が傷つくことは許せない。そう信じるマカミたちは、オーガたちを救うために立ち上がった。
BT2-22,抗う猛将 キングオーガ,ユニット,6,6000,,【登場時】ターン終了まで、自分のユニット全ては「【アタック終了時】≪助太刀回収1≫（自分のトラッシュから、このバトルで助太刀に使用したユニットカード1枚を手札に戻せる）」の効果を得る。,「炎神を止めなければカグツチに明日は無いぞ！」 暴徒と化しセイドウに付く竜人たちを必死に説得するも、その声は届かない。,カグツチ/オーガ,コメスケ / すとぽぷ,/card-images/bt2-22.png,red,R,BT2-22,赤3,3,3,回収,魂魄の冥導士,カグツチ;オーガ,【登場時】ターン終了まで、自分のユニット全ては「【アタック終了時】≪助太刀回収1≫（自分のトラッシュから、このバトルで助太刀に使用したユニットカード1枚を手札に戻せる）」の効果を得る。,「炎神を止めなければカグツチに明日は無いぞ！」 暴徒と化しセイドウに付く竜人たちを必死に説得するも、その声は届かない。
BT2-24,式神・炎竜弐式,ユニット,7,8000,,,式神・炎竜が進化した姿。まだ進化の可能性を残しながらも強靭な肉体により、オーガの軍勢を圧倒する。,セイドウ/式神,コメスケ / すとぽぷ,/card-images/bt2-24.png,colorless,C,BT2-24,ー,0,7,,魂魄の冥導士,セイドウ;式神,,式神・炎竜が進化した姿。まだ進化の可能性を残しながらも強靭な肉体により、オーガの軍勢を圧倒する。
BT2-25,暴動の先導者 ツミカ,ユニット,4,4000,,【登場時】コスト2以下の相手のサポーター1体を退場させる。,ナルカミたちと別れたツミカは強力な戦力を確保できなかったことを残念に思いながらも、炎神を守るために竜人達を扇動し始めた。,カグツチ/竜人,コメスケ / SHU-,/card-images/bt2-25.png,red,RR,BT2-25,赤3,3,1,退場,魂魄の冥導士,カグツチ;竜人,【登場時】コスト2以下の相手のサポーター1体を退場させる。,ナルカミたちと別れたツミカは強力な戦力を確保できなかったことを残念に思いながらも、炎神を守るために竜人達を扇動し始めた。
BT2-26,戦線崩壊,イベント,3,,,【メイン】ターン終了まで、自分のユニット全ては「【アタック終了時】≪助太刀回収1≫（自分のトラッシュから、このバトルで助太刀に使用したユニットカード1枚を手札に戻せる）」の効果を得る。,式神だけでなく、竜人にも攻撃され、オーガたちの戦線は完全に崩壊してしまう。,,コメスケ / すとぽぷ,/card-images/bt2-26.png,red,C,BT2-26,赤1,1,2,回収,魂魄の冥導士,,【メイン】ターン終了まで、自分のユニット全ては「【アタック終了時】≪助太刀回収1≫（自分のトラッシュから、このバトルで助太刀に使用したユニットカード1枚を手札に戻せる）」の効果を得る。,式神だけでなく、竜人にも攻撃され、オーガたちの戦線は完全に崩壊してしまう。
BT2-28,砲塔型ゴーレム:C,イベント,7,,,【メイン】BP5000以下の相手のユニット2体を退場させる。,瞬間火力に特化したゴーレム。砲撃しかできず、敵の形を残すこともできない。,,コメスケ / すとぽぷ,/card-images/bt2-28.png,red,R,BT2-28,赤3,3,4,退場,魂魄の冥導士,,【メイン】BP5000以下の相手のユニット2体を退場させる。,瞬間火力に特化したゴーレム。砲撃しかできず、敵の形を残すこともできない。
BT2-30,指揮するカゲロウ,サポーター,6,,,【登場時】自分の手札から、特徴に「セイドウ」を持つ赤のコスト7以下のユニットカード1枚をコストを支払わずに登場できる。 【相手のターン】特徴に「式神」を持つ自分のユニット全てをBP+1000。,テンシュに命令された通り炎神を支配下に置くだけで、自ら破滅へと進んでいくカグツチをカゲロウは滑稽に感じた。,セイドウ/カゲロウ,コメスケ / すとぽぷ,/card-images/bt2-30.png,red,R,BT2-30,赤1,1,5,召喚;BP＋,魂魄の冥導士,セイドウ;カゲロウ,【登場時】自分の手札から、特徴に「セイドウ」を持つ赤のコスト7以下のユニットカード1枚をコストを支払わずに登場できる。 【相手のターン】特徴に「式神」を持つ自分のユニット全てをBP+1000。,テンシュに命令された通り炎神を支配下に置くだけで、自ら破滅へと進んでいくカグツチをカゲロウは滑稽に感じた。
BT2-31,追跡する市民,ユニット,2,3000,1000,,報奨金に目がくらんだ市民たちは三人をどこまでも、そしてどこからでも追ってくる。,ミッドガン/人間,コメスケ,/card-images/bt2-31.png,yellow,C,BT2-31,黄1,1,1,,魂魄の冥導士,ミッドガン;人間,,報奨金に目がくらんだ市民たちは三人をどこまでも、そしてどこからでも追ってくる。
BT2-32,レイキ結合体:機械人,ユニット,2,2000,1000,【登場時】コスト2以下の相手のユニット1体を手札に戻す。,禍々しき命は万物を取り込む。命を持ったはずだった機械をも。,機械/レイキ結合体,コメスケ / SHU-,/card-images/bt2-32.png,yellow,R,BT2-32,黄2,2,0,バウンス,魂魄の冥導士,機械;レイキ結合体,【登場時】コスト2以下の相手のユニット1体を手札に戻す。,禍々しき命は万物を取り込む。命を持ったはずだった機械をも。
BT2-33,セツナ,ユニット,3,5000,1000,,ドレスのような美しい姿に変化したセツナ。その美しさで市民たちを魅了し、隙を作ることに成功した。,セツナ/CNP,コメスケ / SHU-,/card-images/bt2-33.png,yellow,C,BT2-33,黄1,1,2,,魂魄の冥導士,セツナ;CNP,,ドレスのような美しい姿に変化したセツナ。その美しさで市民たちを魅了し、隙を作ることに成功した。
BT2-34,反学派の希望 ミライ,ユニット,3,2000,1000,【アタック時】≪レイキ回復2≫（自分のレイキ2枚をアクティブにする）,保安部部長のヘルナ…ううん私のお母さんは学派よりも酷いことをしようとしてる。だからお願い。お母さんを止めて。-ミライ-,ミッドガン/反学派/人間,コメスケ / SHU-,/card-images/bt2-34.png,yellow,RR,BT2-34,黄2,2,1,レイキ回復,魂魄の冥導士,ミッドガン;反学派;人間,【アタック時】≪レイキ回復2≫（自分のレイキ2枚をアクティブにする）,保安部部長のヘルナ…ううん私のお母さんは学派よりも酷いことをしようとしてる。だからお願い。お母さんを止めて。-ミライ-
BT2-35,ライオン,ユニット,4,5000,,【登場時】ターン終了まで、黄の他の自分のユニット1体は≪ゲージバーン≫（このユニットが減らしたゲージは破棄される）を得る。,威風堂々としたライオンの姿に変化したセツナの姿。,セツナ/CNP,コメスケ / SHU-,/card-images/bt2-35.png,yellow,R,BT2-35,黄3,3,1,ゲージバーン,魂魄の冥導士,セツナ;CNP,【登場時】ターン終了まで、黄の他の自分のユニット1体は≪ゲージバーン≫（このユニットが減らしたゲージは破棄される）を得る。,威風堂々としたライオンの姿に変化したセツナの姿。
BT2-36,タイガー,ユニット,5,6000,,【自分のターン終了時】このユニットが制圧中なら、≪レイキ回復2≫（自分のレイキ2枚をアクティブにする）。 【互いのターン】自分のトラッシュにイベントカードが2枚以上ある間、BP+2000。,金色に変化したセツナ。その金属光沢は太陽光を反射し、市民たちの目を眩ませることに成功した。,トワ/CNP,倉田 窓,/card-images/bt2-36.png,yellow,RR,BT2-36,黄2,2,3,レイキ回復;BP＋,魂魄の冥導士,トワ;CNP,【自分のターン終了時】このユニットが制圧中なら、≪レイキ回復2≫（自分のレイキ2枚をアクティブにする）。 【互いのターン】自分のトラッシュにイベントカードが2枚以上ある間、BP+2000。,金色に変化したセツナ。その金属光沢は太陽光を反射し、市民たちの目を眩ませることに成功した。
BT2-37,トワ,ユニット,5,6000,1000,,「私のお母さんがセイドウと繋がってるかもしれない」ミライの衝撃的な言葉に、トワとセツナは動揺を隠せなかった。,トワ/CNP,コメスケ / Urukun,/card-images/bt2-37.png,yellow,C,BT2-37,黄1,1,4,,魂魄の冥導士,トワ;CNP,,「私のお母さんがセイドウと繋がってるかもしれない」ミライの衝撃的な言葉に、トワとセツナは動揺を隠せなかった。
BT2-38,ゴールド,ユニット,6,6000,1000,【お互いのターン】自分のトラッシュにイベントカードが2枚以上ある間、BP+2000。,金色に変化したセツナ。その金属光沢は太陽光を反射し、市民たちの目を眩ませることに成功した。,セツナ/CNP,倉田 窓,/card-images/bt2-38.png,yellow,RR,BT2-38,黄3,3,3,BP＋,魂魄の冥導士,セツナ;CNP,【お互いのターン】自分のトラッシュにイベントカードが2枚以上ある間、BP+2000。,金色に変化したセツナ。その金属光沢は太陽光を反射し、市民たちの目を眩ませることに成功した。
BT2-39,試験機偽神イザナミ,ユニット,7,9000,,,レイキを動力に駆動する兵器から開発を続け、式神に近しいメカニズムで式神より効率的かつ強力な兵器を目指して開発された新型。,ミッドガン/トゥルーリア学院派/機械,コメスケ,/card-images/bt2-39.png,yellow,R,BT2-39,黄1,1,6,,魂魄の冥導士,ミッドガン;トゥルーリア学院派;機械,,レイキを動力に駆動する兵器から開発を続け、式神に近しいメカニズムで式神より効率的かつ強力な兵器を目指して開発された新型。
BT2-40,マネキネコ,ユニット,8,8000,2000,【登場時】BP4000以下の相手のユニット全てを退場させる。,招き猫の姿に変化したトワ。その愛らしい姿に市民たちは警戒を解き、完全に油断してしまった。「やったな。」 -テンシュ-,トワ/CNP,コメスケ / SHU-,/card-images/bt2-40.png,yellow,RRR,BT2-40,黄4,4,4,退場,魂魄の冥導士,トワ;CNP,【登場時】BP4000以下の相手のユニット全てを退場させる。,招き猫の姿に変化したトワ。その愛らしい姿に市民たちは警戒を解き、完全に油断してしまった。「やったな。」 -テンシュ-
BT2-41,実験,イベント,2,,,【コンバット】バトル終了まで、自分のユニット1体をBP+2000。自分のレイキの色が黄だけなら、代わりにBP+4000。,本当になんでも取り込むんだな。-テンシュ-,,コメスケ / SHU-,/card-images/bt2-41.png,yellow,C,BT2-41,黄1,1,1,BP＋,魂魄の冥導士,,【コンバット】バトル終了まで、自分のユニット1体をBP+2000。自分のレイキの色が黄だけなら、代わりにBP+4000。,本当になんでも取り込むんだな。-テンシュ-
BT2-42,逃走劇,イベント,3,,,【コンバット】コスト3以下の相手のユニット2体を手札に戻す。,市民たちからの追跡を逃れ、無事に反学派のアジトに逃げ込むことに成功した。,,コメスケ / SHU-,/card-images/bt2-42.png,yellow,R,BT2-42,黄2,2,1,バウンス,魂魄の冥導士,,【コンバット】コスト3以下の相手のユニット2体を手札に戻す。,市民たちからの追跡を逃れ、無事に反学派のアジトに逃げ込むことに成功した。
BT2-43,指名手配,イベント,6,,,【コンバット】コスト7以下の相手のユニット1体を手札に戻す。,トワとセツナはこの土地の金銭の単位も相場も知らない。,,コメスケ,/card-images/bt2-43.png,yellow,R,BT2-43,黄3,3,3,バウンス,魂魄の冥導士,,【コンバット】コスト7以下の相手のユニット1体を手札に戻す。,トワとセツナはこの土地の金銭の単位も相場も知らない。
BT2-44,反学派のリーダー,サポーター,1,,,【コンバット】このバトルでイベントカードを使用しているなら、このサポーターをレストすることで、バトル終了まで、自分のユニット1体をBP+1000。,無事、反学派のアジトに逃げ込むことができたトワたちは、反学派のリーダーを自称する聡明な青年と出会う。,ミッドガン/反学派/人間,コメスケ,/card-images/bt2-44.png,yellow,R,BT2-44,黄1,1,0,BP＋,魂魄の冥導士,ミッドガン;反学派;人間,【コンバット】このバトルでイベントカードを使用しているなら、このサポーターをレストすることで、バトル終了まで、自分のユニット1体をBP+1000。,無事、反学派のアジトに逃げ込むことができたトワたちは、反学派のリーダーを自称する聡明な青年と出会う。
BT2-45,傀儡端末のネハシーン,サポーター,4,,,【登場時】自分のデッキの上から3枚オープンする。その中の特徴に「トゥルーリア学派」を持つカード1枚を手札に加える。残りはデッキの下に戻す。 【自分のターン】特徴に「トゥルーリア学派」を持つ他の自分のユニット/サポーターが登場したとき、このサポーターをレストすることで、≪レイキ回復1≫（自分のレイキ1枚をアクティブにする）。,はぁ、こんなロボットが事実上のトップなのだから学派も堕ちたものね。-ヘルナ-,ミッドガン/トゥルーリア学派/機械,コメスケ,/card-images/bt2-45.png,yellow,R,BT2-45,黄3,3,1,サーチ;レイキ回復,魂魄の冥導士,ミッドガン;トゥルーリア学派;機械,【登場時】自分のデッキの上から3枚オープンする。その中の特徴に「トゥルーリア学派」を持つカード1枚を手札に加える。残りはデッキの下に戻す。 【自分のターン】特徴に「トゥルーリア学派」を持つ他の自分のユニット/サポーターが登場したとき、このサポーターをレストすることで、≪レイキ回復1≫（自分のレイキ1枚をアクティブにする）。,はぁ、こんなロボットが事実上のトップなのだから学派も堕ちたものね。-ヘルナ-
BT2-46,ヤーマ,ユニット,3,5000,,,ヤーマとオロチはクルミに導かれ、ハナカのもとへ。そして、衝撃の真実を耳にすることとなる。,ヤーマ/CNP,コメスケ / Urukun,/card-images/bt2-46.png,green,C,BT2-46,緑1,1,2,,魂魄の冥導士,ヤーマ;CNP,,ヤーマとオロチはクルミに導かれ、ハナカのもとへ。そして、衝撃の真実を耳にすることとなる。
BT2-47,満開のウッドレイス,ユニット,4,6000,,,満開の花が咲いている春以外の季節は、没個性になってしまうのを気にしているらしい。,メテオラス/ウッドレイス,コメスケ / Urukun,/card-images/bt2-47.png,green,R,BT2-47,緑1,1,3,,魂魄の冥導士,メテオラス;ウッドレイス,,満開の花が咲いている春以外の季節は、没個性になってしまうのを気にしているらしい。
BT2-48,ヤマカガシ,ユニット,4,4000,,【退場時】≪レイキ追加1≫（自分のレイキデッキの上から1枚をレイキエリアに置く）,ヤマカガシの姿に変化したオロチ。その体には出血性の猛毒が宿り、一噛みで敵に致命傷を与える。,オロチ/CNP,コメスケ / Urukun,/card-images/bt2-48.png,green,R,BT2-48,緑3,3,1,レイキ追加,魂魄の冥導士,オロチ;CNP,【退場時】≪レイキ追加1≫（自分のレイキデッキの上から1枚をレイキエリアに置く）,ヤマカガシの姿に変化したオロチ。その体には出血性の猛毒が宿り、一噛みで敵に致命傷を与える。
BT2-49,エメラルドツリーボア,ユニット,5,5000,,【お互いのターン】自分のレイキ3枚ごとに、このユニットをBP+1000。,緑色の小柄な姿に変化したオロチ。見た目で油断した者から、順に返り討ちにされることとなる。,オロチ/CNP,コメスケ / SHU-,/card-images/bt2-49.png,green,RRR,BT2-49,緑4,4,1,BP＋,魂魄の冥導士,オロチ;CNP,【お互いのターン】自分のレイキ3枚ごとに、このユニットをBP+1000。,緑色の小柄な姿に変化したオロチ。見た目で油断した者から、順に返り討ちにされることとなる。
BT2-51,モノクロ,ユニット,5,5000,,【登場時】制圧中の相手のユニット1体をユニットエリアに移動させる。,レトロなモノクロの装いに変化したヤーマ。その姿には、不思議な気品が漂っている。,ヤーマ/CNP,コメスケ,/card-images/bt2-51.png,green,RR,BT2-51,緑3,3,2,移動,魂魄の冥導士,ヤーマ;CNP,【登場時】制圧中の相手のユニット1体をユニットエリアに移動させる。,レトロなモノクロの装いに変化したヤーマ。その姿には、不思議な気品が漂っている。
BT2-52,イエロー,ユニット,7,8000,,【アタック時】相手のターン終了まで、コスト2以下の相手のサポーター全てはアクティブにならない。,黄色に変化したヤーマ。その警戒色で、ウッドレイスたちをひるませた。,ヤーマ/CNP,コメスケ / Urukun,/card-images/bt2-52.png,green,R,BT2-52,緑3,3,4,レスト,魂魄の冥導士,ヤーマ;CNP,【アタック時】相手のターン終了まで、コスト2以下の相手のサポーター全てはアクティブにならない。,黄色に変化したヤーマ。その警戒色で、ウッドレイスたちをひるませた。
BT2-54,ユウギリ,ユニット,8,8000,1000,【アタック時】自分のデッキの上から1枚オープンする。それが特徴に「式神」を持つコスト5以下のユニットカードなら、コストを支払わずに登場できる。残りはデッキの下に戻す。この登場では【登場時】効果は発揮しない。,強者の乱入に一瞬慄いたユウギリだったが、一太刀でわかるその圧倒的強さは雑魚ばかりで飽きていたユウギリの心をときめかせた。,セイドウ/ユウギリ,コメスケ / Urukun,/card-images/bt2-54.png,green,RR,BT2-54,緑3,3,5,召喚,魂魄の冥導士,セイドウ;ユウギリ,【アタック時】自分のデッキの上から1枚オープンする。それが特徴に「式神」を持つコスト5以下のユニットカードなら、コストを支払わずに登場できる。残りはデッキの下に戻す。この登場では【登場時】効果は発揮しない。,強者の乱入に一瞬慄いたユウギリだったが、一太刀でわかるその圧倒的強さは雑魚ばかりで飽きていたユウギリの心をときめかせた。
BT2-55,オロチ,ユニット,8,9000,1000,,なんでわかるのって？それはあの爺さんに負けるまで私が取り憑かれていたからね。-ハナカ-,オロチ/CNP,コメスケ / Urukun,/card-images/bt2-55.png,green,C,BT2-55,緑1,1,7,,魂魄の冥導士,オロチ;CNP,,なんでわかるのって？それはあの爺さんに負けるまで私が取り憑かれていたからね。-ハナカ-
BT2-58,両雄激突,イベント,5,,,【コンバット】このバトルを行っている拠点以外を制圧中のユニット全てをユニットエリアに移動させる。,ズモギンとユウギリの間には他者が割り込む隙など一切ない。,,コメスケ,/card-images/bt2-58.png,green,R,BT2-58,緑3,3,2,移動,魂魄の冥導士,,【コンバット】このバトルを行っている拠点以外を制圧中のユニット全てをユニットエリアに移動させる。,ズモギンとユウギリの間には他者が割り込む隙など一切ない。
BT2-59,サナギ化,イベント,6,,,【メイン】自分のユニット/サポーター1体をデッキの下に戻す。その後、自分のデッキの上から1枚オープンする。それが緑のユニットカード/サポーターカードなら、コストを支払わずに登場できる。残りはデッキの下に戻す。,ハナカのもとに無事にヤーマたちを送り届けたクルミは繭に包まれ、蛹になってしまった。,,コメスケ,/card-images/bt2-59.png,green,R,BT2-59,緑3,3,3,召喚,魂魄の冥導士,,【メイン】自分のユニット/サポーター1体をデッキの下に戻す。その後、自分のデッキの上から1枚オープンする。それが緑のユニットカード/サポーターカードなら、コストを支払わずに登場できる。残りはデッキの下に戻す。,ハナカのもとに無事にヤーマたちを送り届けたクルミは繭に包まれ、蛹になってしまった。
BT2-60,フェアリーの女王 ハナカ,サポーター,3,,,【登場時】制圧中のユニット1体をユニットエリアに移動させる。 【お互いのターン】特徴に「フェアリー」を持つ自分のユニット全てをBP+1000。,クルミの姉で完全変態を遂げたフェアリーの一人。かつては好戦的な性格だったが、今はフェアリーたちのまとめ役になっている。,メテオラス/フェアリー,コメスケ,/card-images/bt2-60.png,green,RR,BT2-60,緑2,2,1,移動;BP＋,魂魄の冥導士,メテオラス;フェアリー,【登場時】制圧中のユニット1体をユニットエリアに移動させる。 【お互いのターン】特徴に「フェアリー」を持つ自分のユニット全てをBP+1000。,クルミの姉で完全変態を遂げたフェアリーの一人。かつては好戦的な性格だったが、今はフェアリーたちのまとめ役になっている。
BT2-61,逃げて来た貿易商人,ユニット,2,3000,1000,,貿易コロニーは、ミッドガンが建設した外惑星との貿易用施設で、貿易禁止命令以前は活気で満ちあふれていた。,貿易コロニー/人間,コメスケ,/card-images/bt2-61.png,purple,C,BT2-61,紫1,1,1,,魂魄の冥導士,貿易コロニー;人間,,貿易コロニーは、ミッドガンが建設した外惑星との貿易用施設で、貿易禁止命令以前は活気で満ちあふれていた。
BT2-62,ミタマ,ユニット,2,2000,2000,,謎の異世界に飛ばされて数週間。ミタマは謎の少女に見つかるまで、ひっそりと身を隠して暮らしていた。,ミタマ/CNP,コメスケ / Urukun,/card-images/bt2-62.png,purple,C,BT2-62,紫1,1,1,,魂魄の冥導士,ミタマ;CNP,,謎の異世界に飛ばされて数週間。ミタマは謎の少女に見つかるまで、ひっそりと身を隠して暮らしていた。
BT2-65,貿易管理局のエイリアン,ユニット,4,5000,1000,,管理局でいる間は独占した物資の恩恵が受けられるため、管理局の人材はアリアンに忠誠を誓っている。,貿易コロニー/エイリアン,コメスケ / Urukun,/card-images/bt2-65.png,purple,C,BT2-65,紫1,1,3,,魂魄の冥導士,貿易コロニー;エイリアン,,管理局でいる間は独占した物資の恩恵が受けられるため、管理局の人材はアリアンに忠誠を誓っている。
BT2-66,ミタマ,ユニット,4,4000,2000,【登場時】自分のデッキの上から3枚破棄する。,幽霊のミタマは冥導士の力を使って物理的な実体を得ることができる。,ミタマ/CNP,コメスケ / Urukun,/card-images/bt2-66.png,purple,RRR,BT2-66,紫2,2,2,破棄,魂魄の冥導士,ミタマ;CNP,【登場時】自分のデッキの上から3枚破棄する。,幽霊のミタマは冥導士の力を使って物理的な実体を得ることができる。
BT2-68,魔改造コンテナロボ,ユニット,4,3000,1000,【登場時】自分のトラッシュ5枚ごとに、ターン終了まで、相手のユニット1体をBP-1000。,コロニーに軟禁された結果、暇になった商人たちが悪ノリで運搬用コンテナロボを魔改造した。,貿易コロニー/機械,コメスケ,/card-images/bt2-68.png,purple,R,BT2-68,紫2,2,2,BP－,魂魄の冥導士,貿易コロニー;機械,【登場時】自分のトラッシュ5枚ごとに、ターン終了まで、相手のユニット1体をBP-1000。,コロニーに軟禁された結果、暇になった商人たちが悪ノリで運搬用コンテナロボを魔改造した。
BT2-69,運搬用コンテナロボ,ユニット,5,6000,1000,,貿易コロニーで重宝されている運搬用ロボ。貿易が禁止されてからは予備のパーツが不足し、修理することが難しくなっている。,貿易コロニー/機械,コメスケ / SHU-,/card-images/bt2-69.png,purple,C,BT2-69,紫1,1,4,,魂魄の冥導士,貿易コロニー;機械,,貿易コロニーで重宝されている運搬用ロボ。貿易が禁止されてからは予備のパーツが不足し、修理することが難しくなっている。
BT2-70,ダークブルー,ユニット,5,6000,1000,,フードが切れかけている不憫なエイリアンのペット。血液は強酸性。幼体は他の生物に寄生するらしい。,ミタマ/CNP,コメスケ / Urukun,/card-images/bt2-70.png,purple,RR,BT2-70,紫2,2,3,,魂魄の冥導士,ミタマ;CNP,,フードが切れかけている不憫なエイリアンのペット。血液は強酸性。幼体は他の生物に寄生するらしい。
BT2-72,ゾンビ,ユニット,6,5000,1000,【アタック時】自分のトラッシュから、紫のユニットカード1枚を手札に戻す。,ゾンビの姿に変化したミタマ。驚異的な再生能力を備え、並の攻撃では倒れない。,ミタマ/CNP,コメスケ / SHU-,/card-images/bt2-72.png,purple,RRR,BT2-72,紫3,3,3,回収,魂魄の冥導士,ミタマ;CNP,【アタック時】自分のトラッシュから、紫のユニットカード1枚を手札に戻す。,ゾンビの姿に変化したミタマ。驚異的な再生能力を備え、並の攻撃では倒れない。
BT2-73,死神商人 ウツロギリス,ユニット,7,6000,,【登場時】自分のトラッシュ3枚ごとに、相手のユニット1体を退場させる。,ミッドガンに依存していたため、貿易禁止命令以降は手持ちの資材でやり繰りしている。,霊人,コメスケ / SHU-,/card-images/bt2-73.png,purple,RRR,BT2-73,紫4,4,3,退場,魂魄の冥導士,霊人,【登場時】自分のトラッシュ3枚ごとに、相手のユニット1体を退場させる。,ミッドガンに依存していたため、貿易禁止命令以降は手持ちの資材でやり繰りしている。
BT2-75,闇取引,イベント,2,,,【メイン】自分のトラッシュから、紫のユニットカード1枚を手札に戻す。,コロニー内の物資は管理局によってほぼ独占状態であり、管理局からの配給以外で物資を得るなら危険な取引に手を出すしかない。,,コメスケ / SHU-,/card-images/bt2-75.png,purple,R,BT2-75,紫2,2,0,回収,魂魄の冥導士,,【メイン】自分のトラッシュから、紫のユニットカード1枚を手札に戻す。,コロニー内の物資は管理局によってほぼ独占状態であり、管理局からの配給以外で物資を得るなら危険な取引に手を出すしかない。
BT2-50,式神・猪,ユニット,5,5000,1000,,猪を模した形代で召喚した式神。その突進力は並外れており、木々をなぎ倒しながら一直線に進み続ける。,セイドウ/式神,コメスケ,/card-images/bt2-50.png,colorless,C,BT2-50,ー,0,5,,魂魄の冥導士,セイドウ;式神,,猪を模した形代で召喚した式神。その突進力は並外れており、木々をなぎ倒しながら一直線に進み続ける。
BT2-53,エルフの剣聖 ズモギン,ユニット,7,7000,,【アタック時】自分のレイキ1枚をレイキデッキの下に戻すことで、相手のターン終了まで、このユニットをBP+3000。,異世界の強者に魅入られたズモギンは幾年ぶりに剣を抜き、長老から勝利を導く英雄へと再び舞い戻った。,メテオラス/エルフ,コメスケ / すとぽぷ,/card-images/bt2-53.png,green,RR,BT2-53,緑3,3,4,BP＋,魂魄の冥導士,メテオラス;エルフ,【アタック時】自分のレイキ1枚をレイキデッキの下に戻すことで、相手のターン終了まで、このユニットをBP+3000。,異世界の強者に魅入られたズモギンは幾年ぶりに剣を抜き、長老から勝利を導く英雄へと再び舞い戻った。
BT2-56,完全変態個体 オクロプ,ユニット,9,11000,,,完全な変態を遂げたフェアリーの一人、全身が装甲でおおわれており、通常の攻撃は一切通用しない。,メテオラス/フェアリー,コメスケ,/card-images/bt2-56.png,green,R,BT2-56,緑1,1,8,,魂魄の冥導士,メテオラス;フェアリー,,完全な変態を遂げたフェアリーの一人、全身が装甲でおおわれており、通常の攻撃は一切通用しない。
BT2-57,歴史の真相,イベント,4,,,【メイン】相手のターン終了まで、特徴に「ウッドレイス」/「エルフ」/「フェアリー」を持つ自分のユニット全てをBP+2000。,憑依神は民を争わせることで、最も強い存在を見つけ出しそれに憑依する生態を持つの。-ハナカ-,,コメスケ / Urukun,/card-images/bt2-57.png,green,C,BT2-57,緑2,2,2,BP＋,魂魄の冥導士,,【メイン】相手のターン終了まで、特徴に「ウッドレイス」/「エルフ」/「フェアリー」を持つ自分のユニット全てをBP+2000。,憑依神は民を争わせることで、最も強い存在を見つけ出しそれに憑依する生態を持つの。-ハナカ-
BT2-63,うなだれるエイリアン商人,ユニット,3,4000,1000,,違法取引に手を出したことで、管理局を追放されたらしい。,貿易コロニー/エイリアン,コメスケ / Urukun,/card-images/bt2-63.png,purple,C,BT2-63,紫1,1,2,,魂魄の冥導士,貿易コロニー;エイリアン,,違法取引に手を出したことで、管理局を追放されたらしい。
BT2-64,アーリア,ユニット,3,3000,1000,【登場時】自分のデッキの上から2枚見て、その中から紫のカード1枚を手札に加える。残りをデッキの下に戻す。,貿易コロニーで暮らす少女。ミタマを匿って面倒を見ている。,貿易コロニー/人間,コメスケ / Urukun,/card-images/bt2-64.png,purple,R,BT2-64,紫2,2,1,サーチ,魂魄の冥導士,貿易コロニー;人間,【登場時】自分のデッキの上から2枚見て、その中から紫のカード1枚を手札に加える。残りをデッキの下に戻す。,貿易コロニーで暮らす少女。ミタマを匿って面倒を見ている。
BT2-67,商人の抵抗,イベント,3,,,【コンバット】自分のトラッシュ3枚ごとに、ターン終了まで、自分のユニット1体をBP+1000。,管理局の横暴に業を煮やした商人たちの抵抗活動。,,コメスケ / Urukun,/card-images/bt2-67.png,purple,C,BT2-67,紫2,2,1,BP＋,魂魄の冥導士,,【コンバット】自分のトラッシュ3枚ごとに、ターン終了まで、自分のユニット1体をBP+1000。,管理局の横暴に業を煮やした商人たちの抵抗活動。
BT2-71,エイリアン,ユニット,6,7000,1000,,貿易コロニーで権力を握る謎の異星人。表向きは友好的だが、その真意は不明。,貿易コロニー/エイリアン,コメスケ / Urukun,/card-images/bt2-71.png,purple,RR,BT2-71,紫2,2,4,,魂魄の冥導士,貿易コロニー;エイリアン,,貿易コロニーで権力を握る謎の異星人。表向きは友好的だが、その真意は不明。
BT2-74,商人ギルド,サポーター,4,,,【登場時】自分のトラッシュから、コスト3以下の紫のユニットカード1枚を手札に戻す。 【自分のターン】特徴に「貿易コロニー」を持つ自分のユニット全てをBP+500。,管理局に対抗するため結成された商人たちの組合。,貿易コロニー,コメスケ / SHU-,/card-images/bt2-74.png,purple,R,BT2-74,紫3,3,1,回収;BP＋,魂魄の冥導士,貿易コロニー,【登場時】自分のトラッシュから、コスト3以下の紫のユニットカード1枚を手札に戻す。 【自分のターン】特徴に「貿易コロニー」を持つ自分のユニット全てをBP+500。,管理局に対抗するため結成された商人たちの組合。
BT2-76,貿易禁止命令,イベント,3,,,【メイン】自分のユニット1体を退場させることで、≪2ドロー≫（デッキからカードを2枚引く）。,セイドウの侵略以来、ミッドガンはなぜか貿易を禁止し、地表への降下どころかコロニーからの出航すら許可していない。,,コメスケ / Urukun,/card-images/bt2-76.png,purple,R,BT2-76,紫2,2,1,ドロー,魂魄の冥導士,,【メイン】自分のユニット1体を退場させることで、≪2ドロー≫（デッキからカードを2枚引く）。,セイドウの侵略以来、ミッドガンはなぜか貿易を禁止し、地表への降下どころかコロニーからの出航すら許可していない。
BT2-77,ミタマの策略,イベント,3,,,特徴に「ミタマ」を持つ自分のユニットがいる間、自分の手札から、このカードを使用するとき、支払う無色コスト-1。 【コンバット】ターン終了まで、相手のユニット1体をBP-3000。,ミタマの策略は狡猾にして巧妙。誰もその意図に気づかない。,,コメスケ / Urukun,/card-images/bt2-77.png,purple,RR,BT2-77,紫2,2,1,BP－,魂魄の冥導士,,特徴に「ミタマ」を持つ自分のユニットがいる間、自分の手札から、このカードを使用するとき、支払う無色コスト-1。 【コンバット】ターン終了まで、相手のユニット1体をBP-3000。,ミタマの策略は狡猾にして巧妙。誰もその意図に気づかない。
BT2-78,パッチワーク,イベント,4,,,【メイン】自分のトラッシュから、紫のコスト5以下のユニットカード1枚をコストを支払わずに登場させる。,ありあわせの資材で運搬ロボの修繕をしないといけないため、技術者は腕を鳴らすと同時に頭を抱えている。,,コメスケ / SHU-,/card-images/bt2-78.png,purple,R,BT2-78,紫2,2,2,召喚,魂魄の冥導士,,【メイン】自分のトラッシュから、紫のコスト5以下のユニットカード1枚をコストを支払わずに登場させる。,ありあわせの資材で運搬ロボの修繕をしないといけないため、技術者は腕を鳴らすと同時に頭を抱えている。
BT2-79,異文化交流,イベント,4,,,【メイン】ターン終了まで、自分のユニット1体は≪怨讐≫（このユニットがバトルで退場したとき、バトルした相手のユニットを退場させる）を得る。,脱出を目指す少女とミタマたちは、たどたどしくもコロニーの住人たちと交流を図り仲間を探していた。,,コメスケ / SHU-,/card-images/bt2-79.png,purple,R,BT2-79,紫2,2,2,怨讐,魂魄の冥導士,,【メイン】ターン終了まで、自分のユニット1体は≪怨讐≫（このユニットがバトルで退場したとき、バトルした相手のユニットを退場させる）を得る。,脱出を目指す少女とミタマたちは、たどたどしくもコロニーの住人たちと交流を図り仲間を探していた。
BT2-80,抜魂,イベント,4,,,【メイン】ターン終了まで、相手のユニット1体をBP-5000。,ウツロギリスはあらゆる生き物から魂を抜くことができる。,,コメスケ,/card-images/bt2-80.png,purple,RR,BT2-80,紫3,3,1,BP－,魂魄の冥導士,,【メイン】ターン終了まで、相手のユニット1体をBP-5000。,ウツロギリスはあらゆる生き物から魂を抜くことができる。
BT2-81,人間の協力者 リサ,サポーター,2,,,【登場時】自分のデッキの上から2枚破棄する。 【メイン】自分のトラッシュが10枚以上あるなら、このサポーターを退場させることで、ターン終了まで、相手のユニット1体をBP-2000。,隠れていたミタマを見つけ接触してきた謎の少女。貿易禁止命令により地表に降下することができず、脱出手段を探している。,貿易コロニー/人間,コメスケ,/card-images/bt2-81.png,purple,RR,BT2-81,紫2,2,0,破棄;BP－,魂魄の冥導士,貿易コロニー;人間,【登場時】自分のデッキの上から2枚破棄する。 【メイン】自分のトラッシュが10枚以上あるなら、このサポーターを退場させることで、ターン終了まで、相手のユニット1体をBP-2000。,隠れていたミタマを見つけ接触してきた謎の少女。貿易禁止命令により地表に降下することができず、脱出手段を探している。
BT2-82,貿易管理局長 アリアン,サポーター,5,,,【登場時】自分のトラッシュから、紫のコスト4以下のユニットカード1枚をコストを支払わずに登場できる。この登場では【登場時】効果は発揮しない。 【メイン】このサポーターをレストすることで、ターン終了まで、コスト4以下の相手のユニット1体をBP-1000。,貿易コロニーのトップであるアリアンは、貿易禁止命令後、その権力により物資を独占し、一人だけ裕福な暮らしを続けている。,貿易コロニー/エイリアン,コメスケ,/card-images/bt2-82.png,purple,R,BT2-82,紫3,3,2,召喚;BP－,魂魄の冥導士,貿易コロニー;エイリアン,【登場時】自分のトラッシュから、紫のコスト4以下のユニットカード1枚をコストを支払わずに登場できる。この登場では【登場時】効果は発揮しない。 【メイン】このサポーターをレストすることで、ターン終了まで、コスト4以下の相手のユニット1体をBP-1000。,貿易コロニーのトップであるアリアンは、貿易禁止命令後、その権力により物資を独占し、一人だけ裕福な暮らしを続けている。
